class,name,strategy,result,conflicts,props,learned,vars_added,props_per_learned,props_per_conflict,reuse,time_s,speedup_vs_1uip
xor_chain,n4,1uip,UNSAT,8,39,4,0,9.75,4.88,,0.0,1.0
xor_chain,n4,multi2,UNSAT,8,37,11,0,3.36,4.62,,0.0,1.0
xor_chain,n4,multi4,UNSAT,6,29,16,0,1.81,4.83,,0.0,1.33
xor_chain,n4,multi8,UNSAT,6,26,26,0,1.0,4.33,,0.0,1.33
xor_chain,n4,ext1,UNSAT,8,39,4,0,9.75,4.88,,0.0,1.0
xor_chain,n4,ext4,UNSAT,8,39,4,0,9.75,4.88,,0.0,1.0
xor_chain,n4,ext8,UNSAT,8,39,4,0,9.75,4.88,,0.0,1.0
xor_chain,n4,xor_off,UNSAT,5,19,4,0,4.75,3.8,1.0,0.0,1.6
xor_chain,n6,1uip,UNSAT,21,139,16,0,8.69,6.62,,0.0,1.0
xor_chain,n6,multi2,UNSAT,20,124,35,0,3.54,6.2,,0.0,1.05
xor_chain,n6,multi4,UNSAT,16,87,52,0,1.67,5.44,,0.0,1.31
xor_chain,n6,multi8,UNSAT,12,73,57,0,1.28,6.08,,0.0,1.75
xor_chain,n6,ext1,UNSAT,42,184,42,1,4.38,4.38,0.95,0.0,0.5
xor_chain,n6,ext4,UNSAT,21,139,16,0,8.69,6.62,,0.0,1.0
xor_chain,n6,ext8,UNSAT,21,139,16,0,8.69,6.62,,0.0,1.0
xor_chain,n6,xor_off,UNSAT,14,65,14,0,4.64,4.64,1.0,0.0,1.5
xor_chain,n8,1uip,UNSAT,44,311,40,0,7.78,7.07,,0.0,1.0
xor_chain,n8,multi2,UNSAT,43,300,78,0,3.85,6.98,,0.0,1.02
xor_chain,n8,multi4,UNSAT,33,181,110,0,1.65,5.48,,0.0,1.33
xor_chain,n8,multi8,UNSAT,29,167,146,0,1.14,5.76,,0.0,1.52
xor_chain,n8,ext1,UNSAT,68,291,72,2,4.04,4.28,0.95,0.0,0.65
xor_chain,n8,ext4,UNSAT,45,333,53,4,6.28,7.4,0.33,0.0,0.98
xor_chain,n8,ext8,UNSAT,44,311,40,0,7.78,7.07,,0.0,1.0
xor_chain,n8,xor_off,UNSAT,27,161,37,2,4.35,5.96,1.0,0.0,1.63
xor_chain,n10,1uip,UNSAT,63,416,60,0,6.93,6.6,,0.0,1.0
xor_chain,n10,multi2,UNSAT,48,343,91,0,3.77,7.15,,0.0,1.31
xor_chain,n10,multi4,UNSAT,44,289,150,0,1.93,6.57,,0.0,1.43
xor_chain,n10,multi8,UNSAT,45,250,217,0,1.15,5.56,,0.01,1.4
xor_chain,n10,ext1,UNSAT,168,900,187,8,4.81,5.36,0.94,0.01,0.38
xor_chain,n10,ext4,UNSAT,69,448,84,6,5.33,6.49,0.74,0.0,0.91
xor_chain,n10,ext8,UNSAT,68,461,68,1,6.78,6.78,0.91,0.0,0.93
xor_chain,n10,xor_off,UNSAT,48,326,68,4,4.79,6.79,1.0,0.0,1.31
xor_chain,n12,1uip,UNSAT,71,521,67,0,7.78,7.34,,0.0,1.0
xor_chain,n12,multi2,UNSAT,71,517,135,0,3.83,7.28,,0.01,1.0
xor_chain,n12,multi4,UNSAT,67,379,240,0,1.58,5.66,,0.01,1.06
xor_chain,n12,multi8,UNSAT,60,355,291,0,1.22,5.92,,0.01,1.18
xor_chain,n12,ext1,UNSAT,139,787,151,6,5.21,5.66,0.94,0.0,0.51
xor_chain,n12,ext4,UNSAT,153,1100,183,12,6.01,7.19,0.88,0.01,0.46
xor_chain,n12,ext8,UNSAT,70,519,73,2,7.11,7.41,0.5,0.0,1.01
xor_chain,n12,xor_off,UNSAT,48,372,71,4,5.24,7.75,1.0,0.0,1.48
xor_chain,n16,1uip,UNSAT,113,955,108,0,8.84,8.45,,0.0,1.0
xor_chain,n16,multi2,UNSAT,112,951,216,0,4.4,8.49,,0.01,1.01
xor_chain,n16,multi4,UNSAT,98,644,334,0,1.93,6.57,,0.01,1.15
xor_chain,n16,multi8,UNSAT,89,594,497,0,1.2,6.67,,0.01,1.27
xor_chain,n16,ext1,UNSAT,197,2027,270,26,7.51,10.29,0.81,0.01,0.57
xor_chain,n16,ext4,UNSAT,187,1100,216,12,5.09,5.88,0.89,0.01,0.6
xor_chain,n16,ext8,UNSAT,139,1156,144,4,8.03,8.32,0.94,0.01,0.81
xor_chain,n16,xor_off,UNSAT,74,643,127,10,5.06,8.69,1.0,0.0,1.53
xor_chain,n20,1uip,UNSAT,167,1345,161,0,8.35,8.05,,0.01,1.0
xor_chain,n20,multi2,UNSAT,145,1324,279,0,4.75,9.13,,0.01,1.15
xor_chain,n20,multi4,UNSAT,143,1008,498,0,2.02,7.05,,0.01,1.17
xor_chain,n20,multi8,UNSAT,138,1024,736,0,1.39,7.42,,0.02,1.21
xor_chain,n20,ext1,UNSAT,413,3483,526,39,6.62,8.43,0.89,0.02,0.4
xor_chain,n20,ext4,UNSAT,400,2172,456,20,4.76,5.43,0.93,0.01,0.42
xor_chain,n20,ext8,UNSAT,388,2509,414,10,6.06,6.47,0.97,0.01,0.43
xor_chain,n20,xor_off,UNSAT,106,976,168,12,5.81,9.21,1.0,0.0,1.58
parity_tree,n4,1uip,UNSAT,8,40,4,0,10.0,5.0,,0.0,1.0
parity_tree,n4,multi2,UNSAT,8,37,11,0,3.36,4.62,,0.0,1.0
parity_tree,n4,multi4,UNSAT,6,28,14,0,2.0,4.67,,0.0,1.33
parity_tree,n4,multi8,UNSAT,6,25,21,0,1.19,4.17,,0.0,1.33
parity_tree,n4,ext1,UNSAT,8,40,4,0,10.0,5.0,,0.0,1.0
parity_tree,n4,ext4,UNSAT,8,40,4,0,10.0,5.0,,0.0,1.0
parity_tree,n4,ext8,UNSAT,8,40,4,0,10.0,5.0,,0.0,1.0
parity_tree,n4,xor_off,UNSAT,5,23,4,0,5.75,4.6,1.0,0.0,1.6
parity_tree,n6,1uip,UNSAT,21,160,17,0,9.41,7.62,,0.0,1.0
parity_tree,n6,multi2,UNSAT,21,154,37,0,4.16,7.33,,0.0,1.0
parity_tree,n6,multi4,UNSAT,15,97,47,0,2.06,6.47,,0.0,1.4
parity_tree,n6,multi8,UNSAT,15,90,78,0,1.15,6.0,,0.0,1.4
parity_tree,n6,ext1,UNSAT,42,314,47,3,6.68,7.48,0.88,0.0,0.5
parity_tree,n6,ext4,UNSAT,21,160,17,0,9.41,7.62,,0.0,1.0
parity_tree,n6,ext8,UNSAT,21,160,17,0,9.41,7.62,,0.0,1.0
parity_tree,n6,xor_off,UNSAT,14,94,12,0,7.83,6.71,1.0,0.0,1.5
parity_tree,n8,1uip,UNSAT,38,298,34,0,8.76,7.84,,0.0,1.0
parity_tree,n8,multi2,UNSAT,31,235,55,0,4.27,7.58,,0.0,1.23
parity_tree,n8,multi4,UNSAT,25,183,82,0,2.23,7.32,,0.0,1.52
parity_tree,n8,multi8,UNSAT,26,166,134,0,1.24,6.38,,0.0,1.46
parity_tree,n8,ext1,UNSAT,71,471,89,7,5.29,6.63,0.86,0.0,0.54
parity_tree,n8,ext4,UNSAT,38,298,34,0,8.76,7.84,,0.0,1.0
parity_tree,n8,ext8,UNSAT,38,298,34,0,8.76,7.84,,0.0,1.0
parity_tree,n8,xor_off,UNSAT,27,204,27,0,7.56,7.56,1.0,0.0,1.41
parity_tree,n10,1uip,UNSAT,65,607,61,0,9.95,9.34,,0.0,1.0
parity_tree,n10,multi2,UNSAT,46,393,87,0,4.52,8.54,,0.0,1.41
parity_tree,n10,multi4,UNSAT,46,373,160,0,2.33,8.11,,0.01,1.41
parity_tree,n10,multi8,UNSAT,43,326,246,0,1.33,7.58,,0.01,1.51
parity_tree,n10,ext1,UNSAT,148,1442,194,17,7.43,9.74,0.85,0.01,0.44
parity_tree,n10,ext4,UNSAT,167,1466,185,7,7.92,8.78,0.95,0.01,0.39
parity_tree,n10,ext8,UNSAT,83,712,84,2,8.48,8.58,0.94,0.0,0.78
parity_tree,n10,xor_off,UNSAT,42,396,46,0,8.61,9.43,1.0,0.0,1.55
parity_tree,n12,1uip,UNSAT,70,584,65,0,8.98,8.34,,0.0,1.0
parity_tree,n12,multi2,UNSAT,65,603,123,0,4.9,9.28,,0.01,1.08
parity_tree,n12,multi4,UNSAT,49,399,172,0,2.32,8.14,,0.01,1.43
parity_tree,n12,multi8,UNSAT,46,354,268,0,1.32,7.7,,0.01,1.52
parity_tree,n12,ext1,UNSAT,141,913,169,11,5.4,6.48,0.89,0.01,0.5
parity_tree,n12,ext4,UNSAT,137,892,158,8,5.65,6.51,0.9,0.01,0.51
parity_tree,n12,ext8,UNSAT,70,598,68,1,8.79,8.54,0.5,0.0,1.0
parity_tree,n12,xor_off,UNSAT,51,460,54,0,8.52,9.02,1.0,0.0,1.37
eq_chain,n8,1uip,UNSAT,2,14,0,0,14.0,7.0,,0.0,1.0
eq_chain,n8,multi2,UNSAT,2,14,1,0,14.0,7.0,,0.0,1.0
eq_chain,n8,multi4,UNSAT,2,14,3,0,4.67,7.0,,0.0,1.0
eq_chain,n8,multi8,UNSAT,2,14,7,0,2.0,7.0,,0.0,1.0
eq_chain,n8,ext1,UNSAT,2,14,0,0,14.0,7.0,,0.0,1.0
eq_chain,n8,ext4,UNSAT,2,14,0,0,14.0,7.0,,0.0,1.0
eq_chain,n8,ext8,UNSAT,2,14,0,0,14.0,7.0,,0.0,1.0
eq_chain,n8,xor_off,UNSAT,2,14,0,0,14.0,7.0,,0.0,1.0
eq_chain,n16,1uip,UNSAT,2,30,0,0,30.0,15.0,,0.0,1.0
eq_chain,n16,multi2,UNSAT,2,30,1,0,30.0,15.0,,0.0,1.0
eq_chain,n16,multi4,UNSAT,2,30,3,0,10.0,15.0,,0.0,1.0
eq_chain,n16,multi8,UNSAT,2,30,7,0,4.29,15.0,,0.0,1.0
eq_chain,n16,ext1,UNSAT,2,30,0,0,30.0,15.0,,0.0,1.0
eq_chain,n16,ext4,UNSAT,2,30,0,0,30.0,15.0,,0.0,1.0
eq_chain,n16,ext8,UNSAT,2,30,0,0,30.0,15.0,,0.0,1.0
eq_chain,n16,xor_off,UNSAT,2,30,0,0,30.0,15.0,,0.0,1.0
eq_chain,n32,1uip,UNSAT,2,62,0,0,62.0,31.0,,0.0,1.0
eq_chain,n32,multi2,UNSAT,2,62,1,0,62.0,31.0,,0.0,1.0
eq_chain,n32,multi4,UNSAT,2,62,3,0,20.67,31.0,,0.0,1.0
eq_chain,n32,multi8,UNSAT,2,62,7,0,8.86,31.0,,0.0,1.0
eq_chain,n32,ext1,UNSAT,2,62,0,0,62.0,31.0,,0.0,1.0
eq_chain,n32,ext4,UNSAT,2,62,0,0,62.0,31.0,,0.0,1.0
eq_chain,n32,ext8,UNSAT,2,62,0,0,62.0,31.0,,0.0,1.0
eq_chain,n32,xor_off,UNSAT,2,62,0,0,62.0,31.0,,0.0,1.0
eq_chain,n64,1uip,UNSAT,2,126,0,0,126.0,63.0,,0.0,1.0
eq_chain,n64,multi2,UNSAT,2,126,1,0,126.0,63.0,,0.0,1.0
eq_chain,n64,multi4,UNSAT,2,126,3,0,42.0,63.0,,0.0,1.0
eq_chain,n64,multi8,UNSAT,2,126,7,0,18.0,63.0,,0.0,1.0
eq_chain,n64,ext1,UNSAT,2,126,0,0,126.0,63.0,,0.0,1.0
eq_chain,n64,ext4,UNSAT,2,126,0,0,126.0,63.0,,0.0,1.0
eq_chain,n64,ext8,UNSAT,2,126,0,0,126.0,63.0,,0.0,1.0
eq_chain,n64,xor_off,UNSAT,2,126,0,0,126.0,63.0,,0.0,1.0
eq_grid,3x3,1uip,UNSAT,2,10,0,0,10.0,5.0,,0.0,1.0
eq_grid,3x3,multi2,UNSAT,2,10,1,0,10.0,5.0,,0.0,1.0
eq_grid,3x3,multi4,UNSAT,2,10,3,0,3.33,5.0,,0.0,1.0
eq_grid,3x3,multi8,UNSAT,2,10,4,0,2.5,5.0,,0.0,1.0
eq_grid,3x3,ext1,UNSAT,2,10,0,0,10.0,5.0,,0.0,1.0
eq_grid,3x3,ext4,UNSAT,2,10,0,0,10.0,5.0,,0.0,1.0
eq_grid,3x3,ext8,UNSAT,2,10,0,0,10.0,5.0,,0.0,1.0
eq_grid,3x3,xor_off,UNSAT,2,10,0,0,10.0,5.0,,0.0,1.0
eq_grid,4x4,1uip,UNSAT,2,20,0,0,20.0,10.0,,0.0,1.0
eq_grid,4x4,multi2,UNSAT,2,20,1,0,20.0,10.0,,0.0,1.0
eq_grid,4x4,multi4,UNSAT,2,20,3,0,6.67,10.0,,0.0,1.0
eq_grid,4x4,multi8,UNSAT,2,20,7,0,2.86,10.0,,0.0,1.0
eq_grid,4x4,ext1,UNSAT,2,20,0,0,20.0,10.0,,0.0,1.0
eq_grid,4x4,ext4,UNSAT,2,20,0,0,20.0,10.0,,0.0,1.0
eq_grid,4x4,ext8,UNSAT,2,20,0,0,20.0,10.0,,0.0,1.0
eq_grid,4x4,xor_off,UNSAT,2,20,0,0,20.0,10.0,,0.0,1.0
eq_grid,5x5,1uip,UNSAT,2,34,0,0,34.0,17.0,,0.0,1.0
eq_grid,5x5,multi2,UNSAT,2,34,1,0,34.0,17.0,,0.0,1.0
eq_grid,5x5,multi4,UNSAT,2,34,3,0,11.33,17.0,,0.0,1.0
eq_grid,5x5,multi8,UNSAT,2,34,7,0,4.86,17.0,,0.0,1.0
eq_grid,5x5,ext1,UNSAT,2,34,0,0,34.0,17.0,,0.0,1.0
eq_grid,5x5,ext4,UNSAT,2,34,0,0,34.0,17.0,,0.0,1.0
eq_grid,5x5,ext8,UNSAT,2,34,0,0,34.0,17.0,,0.0,1.0
eq_grid,5x5,xor_off,UNSAT,2,34,0,0,34.0,17.0,,0.0,1.0
eq_grid,6x6,1uip,UNSAT,2,52,0,0,52.0,26.0,,0.0,1.0
eq_grid,6x6,multi2,UNSAT,2,52,1,0,52.0,26.0,,0.0,1.0
eq_grid,6x6,multi4,UNSAT,2,52,3,0,17.33,26.0,,0.0,1.0
eq_grid,6x6,multi8,UNSAT,2,52,7,0,7.43,26.0,,0.0,1.0
eq_grid,6x6,ext1,UNSAT,2,52,0,0,52.0,26.0,,0.0,1.0
eq_grid,6x6,ext4,UNSAT,2,52,0,0,52.0,26.0,,0.0,1.0
eq_grid,6x6,ext8,UNSAT,2,52,0,0,52.0,26.0,,0.0,1.0
eq_grid,6x6,xor_off,UNSAT,2,52,0,0,52.0,26.0,,0.0,1.0
adder,w2,1uip,UNSAT,15,140,11,0,12.73,9.33,,0.0,1.0
adder,w2,multi2,UNSAT,15,139,25,0,5.56,9.27,,0.0,1.0
adder,w2,multi4,UNSAT,15,130,51,0,2.55,8.67,,0.0,1.0
adder,w2,multi8,UNSAT,15,139,89,0,1.56,9.27,,0.0,1.0
adder,w2,ext1,UNSAT,17,212,30,6,7.07,12.47,0.14,0.0,0.88
adder,w2,ext4,UNSAT,15,140,11,0,12.73,9.33,,0.0,1.0
adder,w2,ext8,UNSAT,15,140,11,0,12.73,9.33,,0.0,1.0
adder,w2,xor_off,UNSAT,12,120,14,1,8.57,10.0,0.5,0.0,1.25
adder,w3,1uip,UNSAT,36,488,29,0,16.83,13.56,,0.0,1.0
adder,w3,multi2,UNSAT,36,499,65,0,7.68,13.86,,0.0,1.0
adder,w3,multi4,UNSAT,35,424,121,0,3.5,12.11,,0.01,1.03
adder,w3,multi8,UNSAT,39,415,238,0,1.74,10.64,,0.01,0.92
adder,w3,ext1,UNSAT,58,699,88,12,7.94,12.05,0.61,0.0,0.62
adder,w3,ext4,UNSAT,85,990,104,8,9.52,11.65,0.85,0.0,0.42
adder,w3,ext8,UNSAT,36,510,41,4,12.44,14.17,0.0,0.0,1.0
adder,w3,xor_off,UNSAT,23,281,29,2,9.69,12.22,0.67,0.0,1.57
adder,w4,1uip,UNSAT,62,822,57,0,14.42,13.26,,0.0,1.0
adder,w4,multi2,UNSAT,64,818,120,0,6.82,12.78,,0.01,0.97
adder,w4,multi4,UNSAT,61,766,218,0,3.51,12.56,,0.01,1.02
adder,w4,multi8,UNSAT,65,841,448,0,1.88,12.94,,0.02,0.95
adder,w4,ext1,UNSAT,82,1294,145,23,8.92,15.78,0.5,0.0,0.76
adder,w4,ext4,UNSAT,75,953,93,8,10.25,12.71,0.73,0.0,0.83
adder,w4,ext8,UNSAT,77,1203,103,10,11.68,15.62,0.74,0.01,0.81
adder,w4,xor_off,UNSAT,42,543,55,3,9.87,12.93,0.75,0.0,1.48
adder,w5,1uip,UNSAT,87,1210,82,0,14.76,13.91,,0.0,1.0
adder,w5,multi2,UNSAT,84,1178,162,0,7.27,14.02,,0.01,1.04
adder,w5,multi4,UNSAT,76,960,272,0,3.53,12.63,,0.01,1.14
adder,w5,multi8,UNSAT,85,929,510,0,1.82,10.93,,0.02,1.02
adder,w5,ext1,UNSAT,95,1412,162,24,8.72,14.86,0.59,0.01,0.92
adder,w5,ext4,UNSAT,76,1036,99,9,10.46,13.63,0.62,0.0,1.14
adder,w5,ext8,UNSAT,86,1180,109,9,10.83,13.72,0.61,0.0,1.01
adder,w5,xor_off,UNSAT,50,674,67,4,10.06,13.48,0.8,0.0,1.74
adder,w6,1uip,UNSAT,99,1405,92,0,15.27,14.19,,0.0,1.0
adder,w6,multi2,UNSAT,99,1375,190,0,7.24,13.89,,0.01,1.0
adder,w6,multi4,UNSAT,82,1207,295,0,4.09,14.72,,0.01,1.21
adder,w6,multi8,UNSAT,80,1145,469,0,2.44,14.31,,0.02,1.24
adder,w6,ext1,UNSAT,169,2291,258,32,8.88,13.56,0.74,0.01,0.59
adder,w6,ext4,UNSAT,154,2114,174,9,12.15,13.73,0.88,0.01,0.64
adder,w6,ext8,UNSAT,103,1642,121,8,13.57,15.94,0.69,0.01,0.96
adder,w6,xor_off,UNSAT,59,912,83,5,10.99,15.46,0.83,0.0,1.68
multiplier,w2,1uip,UNSAT,14,306,9,0,34.0,21.86,,0.0,1.0
multiplier,w2,multi2,UNSAT,14,302,22,0,13.73,21.57,,0.0,1.0
multiplier,w2,multi4,UNSAT,14,304,48,0,6.33,21.71,,0.0,1.0
multiplier,w2,multi8,UNSAT,13,281,89,0,3.16,21.62,,0.0,1.08
multiplier,w2,ext1,UNSAT,39,730,43,3,16.98,18.72,0.9,0.0,0.36
multiplier,w2,ext4,UNSAT,14,308,12,1,25.67,22.0,0.0,0.0,1.0
multiplier,w2,ext8,UNSAT,14,306,9,0,34.0,21.86,,0.0,1.0
multiplier,w2,xor_off,UNSAT,14,306,9,0,34.0,21.86,,0.0,1.0
multiplier,w3,1uip,UNSAT,58,2043,51,0,40.06,35.22,,0.01,1.0
multiplier,w3,multi2,UNSAT,58,2021,107,0,18.89,34.84,,0.01,1.0
multiplier,w3,multi4,UNSAT,65,2071,246,0,8.42,31.86,,0.02,0.89
multiplier,w3,multi8,UNSAT,80,2345,584,0,4.02,29.31,,0.03,0.72
multiplier,w3,ext1,UNSAT,208,5048,280,26,18.03,24.27,0.86,0.02,0.28
multiplier,w3,ext4,UNSAT,205,7143,265,22,26.95,34.84,0.88,0.03,0.28
multiplier,w3,ext8,UNSAT,181,7431,237,21,31.35,41.06,0.86,0.02,0.32
multiplier,w3,xor_off,UNSAT,58,2043,51,0,40.06,35.22,,0.01,1.0
php,n3,1uip,UNSAT,7,57,3,0,19.0,8.14,,0.0,1.0
php,n3,multi2,UNSAT,7,56,9,0,6.22,8.0,,0.0,1.0
php,n3,multi4,UNSAT,9,64,28,0,2.29,7.11,,0.0,0.78
php,n3,multi8,UNSAT,9,60,46,0,1.3,6.67,,0.0,0.78
php,n3,ext1,UNSAT,7,57,3,0,19.0,8.14,,0.0,1.0
php,n3,ext4,UNSAT,7,57,3,0,19.0,8.14,,0.0,1.0
php,n3,ext8,UNSAT,7,57,3,0,19.0,8.14,,0.0,1.0
php,n3,xor_off,UNSAT,7,57,3,0,19.0,8.14,,0.0,1.0
php,n4,1uip,UNSAT,29,296,24,0,12.33,10.21,,0.0,1.0
php,n4,multi2,UNSAT,28,275,51,0,5.39,9.82,,0.0,1.04
php,n4,multi4,UNSAT,33,257,111,0,2.32,7.79,,0.0,0.88
php,n4,multi8,UNSAT,32,259,194,0,1.34,8.09,,0.0,0.91
php,n4,ext1,UNSAT,178,1663,213,13,7.81,9.34,0.92,0.01,0.16
php,n4,ext4,UNSAT,57,759,93,14,8.16,13.32,0.68,0.0,0.51
php,n4,ext8,UNSAT,41,432,58,8,7.45,10.54,0.62,0.0,0.71
php,n4,xor_off,UNSAT,29,296,24,0,12.33,10.21,,0.0,1.0
php,n5,1uip,UNSAT,120,1307,114,0,11.46,10.89,,0.01,1.0
php,n5,multi2,UNSAT,142,1568,275,0,5.7,11.04,,0.02,0.85
php,n5,multi4,UNSAT,139,1136,490,0,2.32,8.17,,0.02,0.86
php,n5,multi8,UNSAT,118,851,628,0,1.36,7.21,,0.02,1.02
php,n5,ext1,UNSAT,234,3830,319,30,12.01,16.37,0.87,0.02,0.51
php,n5,ext4,UNSAT,285,3534,351,23,10.07,12.4,0.92,0.02,0.42
php,n5,ext8,UNSAT,491,6165,592,35,10.41,12.56,0.93,0.04,0.24
php,n5,xor_off,UNSAT,120,1307,114,0,11.46,10.89,,0.01,1.0
php,n6,1uip,UNSAT,792,9719,784,0,12.4,12.27,,0.08,1.0
php,n6,multi2,UNSAT,855,10244,1669,0,6.14,11.98,,0.17,0.93
php,n6,multi4,UNSAT,970,10331,3594,0,2.87,10.65,,0.31,0.82
php,n6,multi8,UNSAT,1040,10397,6510,0,1.6,10.0,,0.57,0.76
php,n6,ext1,UNSAT,2569,55361,2772,70,19.97,21.55,0.97,0.61,0.31
php,n6,ext4,UNSAT,1049,20128,1165,42,17.28,19.19,0.96,0.22,0.76
php,n6,ext8,UNSAT,2751,43069,2963,72,14.54,15.66,0.97,0.57,0.29
php,n6,xor_off,UNSAT,792,9719,784,0,12.4,12.27,,0.08,1.0
card_seq,n8_k3,1uip,UNSAT,17,335,9,0,37.22,19.71,,0.0,1.0
card_seq,n8_k3,multi2,UNSAT,17,331,25,0,13.24,19.47,,0.0,1.0
card_seq,n8_k3,multi4,UNSAT,17,306,55,0,5.56,18.0,,0.0,1.0
card_seq,n8_k3,multi8,UNSAT,12,213,60,0,3.55,17.75,,0.0,1.42
card_seq,n8_k3,ext1,UNSAT,17,336,12,1,28.0,19.76,0.0,0.0,1.0
card_seq,n8_k3,ext4,UNSAT,17,335,9,0,37.22,19.71,,0.0,1.0
card_seq,n8_k3,ext8,UNSAT,17,335,9,0,37.22,19.71,,0.0,1.0
card_seq,n8_k3,xor_off,UNSAT,17,335,9,0,37.22,19.71,,0.0,1.0
card_seq,n12_k4,1uip,UNSAT,62,1339,49,0,27.33,21.6,,0.0,1.0
card_seq,n12_k4,multi2,UNSAT,67,1381,121,0,11.41,20.61,,0.01,0.93
card_seq,n12_k4,multi4,UNSAT,60,1487,213,0,6.98,24.78,,0.01,1.03
card_seq,n12_k4,multi8,UNSAT,55,1159,362,0,3.2,21.07,,0.01,1.13
card_seq,n12_k4,ext1,UNSAT,75,1451,99,12,14.66,19.35,0.61,0.0,0.83
card_seq,n12_k4,ext4,UNSAT,75,1386,72,3,19.25,18.48,0.86,0.0,0.83
card_seq,n12_k4,ext8,UNSAT,62,1361,55,2,24.75,21.95,0.5,0.0,1.0
card_seq,n12_k4,xor_off,UNSAT,62,1339,49,0,27.33,21.6,,0.0,1.0
card_seq,n16_k5,1uip,UNSAT,306,8051,295,0,27.29,26.31,,0.02,1.0
card_seq,n16_k5,multi2,UNSAT,213,6661,413,0,16.13,31.27,,0.03,1.44
card_seq,n16_k5,multi4,UNSAT,139,3255,515,0,6.32,23.42,,0.02,2.2
card_seq,n16_k5,multi8,UNSAT,170,4102,1180,0,3.48,24.13,,0.05,1.8
card_seq,n16_k5,ext1,UNSAT,645,18135,852,73,21.29,28.12,0.87,0.05,0.47
card_seq,n16_k5,ext4,UNSAT,475,12476,613,49,20.35,26.27,0.87,0.04,0.64
card_seq,n16_k5,ext8,UNSAT,333,10908,442,40,24.68,32.76,0.82,0.03,0.92
card_seq,n16_k5,xor_off,UNSAT,306,8051,295,0,27.29,26.31,,0.02,1.0
card_seq,n20_k6,1uip,UNSAT,750,28025,737,0,38.03,37.37,,0.08,1.0
card_seq,n20_k6,multi2,UNSAT,489,15574,944,0,16.5,31.85,,0.07,1.53
card_seq,n20_k6,multi4,UNSAT,675,22394,2534,0,8.84,33.18,,0.18,1.11
card_seq,n20_k6,multi8,UNSAT,280,8739,1942,0,4.5,31.21,,0.1,2.68
card_seq,n20_k6,ext1,UNSAT,1075,45844,1384,106,33.12,42.65,0.89,0.11,0.7
card_seq,n20_k6,ext4,UNSAT,807,24197,1066,91,22.7,29.98,0.87,0.09,0.93
card_seq,n20_k6,ext8,UNSAT,624,17888,770,53,23.23,28.67,0.88,0.06,1.2
card_seq,n20_k6,xor_off,UNSAT,750,28025,737,0,38.03,37.37,,0.08,1.0
random3sat,n30_s1,1uip,SAT,4,52,4,0,13.0,13.0,,0.0,1.0
random3sat,n30_s1,multi2,SAT,4,52,8,0,6.5,13.0,,0.0,1.0
random3sat,n30_s1,multi4,SAT,4,52,16,0,3.25,13.0,,0.0,1.0
random3sat,n30_s1,multi8,SAT,5,72,31,0,2.32,14.4,,0.0,0.8
random3sat,n30_s1,ext1,SAT,4,52,4,0,13.0,13.0,,0.0,1.0
random3sat,n30_s1,ext4,SAT,4,52,4,0,13.0,13.0,,0.0,1.0
random3sat,n30_s1,ext8,SAT,4,52,4,0,13.0,13.0,,0.0,1.0
random3sat,n30_s1,xor_off,SAT,4,52,4,0,13.0,13.0,,0.0,1.0
random3sat,n40_s2,1uip,UNSAT,55,646,49,0,13.18,11.75,,0.0,1.0
random3sat,n40_s2,multi2,UNSAT,54,661,100,0,6.61,12.24,,0.01,1.02
random3sat,n40_s2,multi4,UNSAT,53,619,188,0,3.29,11.68,,0.01,1.04
random3sat,n40_s2,multi8,UNSAT,57,645,397,0,1.62,11.32,,0.01,0.96
random3sat,n40_s2,ext1,UNSAT,167,2746,236,25,11.64,16.44,0.82,0.01,0.33
random3sat,n40_s2,ext4,UNSAT,54,648,64,5,10.12,12.0,0.0,0.0,1.02
random3sat,n40_s2,ext8,UNSAT,55,649,52,1,12.48,11.8,0.0,0.0,1.0
random3sat,n40_s2,xor_off,UNSAT,55,646,49,0,13.18,11.75,,0.0,1.0
random3sat,n50_s3,1uip,SAT,12,226,12,0,18.83,18.83,,0.0,1.0
random3sat,n50_s3,multi2,SAT,12,226,24,0,9.42,18.83,,0.0,1.0
random3sat,n50_s3,multi4,SAT,12,220,46,0,4.78,18.33,,0.0,1.0
random3sat,n50_s3,multi8,SAT,12,208,85,0,2.45,17.33,,0.0,1.0
random3sat,n50_s3,ext1,SAT,36,670,42,2,15.95,18.61,0.94,0.0,0.33
random3sat,n50_s3,ext4,SAT,12,226,12,0,18.83,18.83,,0.0,1.0
random3sat,n50_s3,ext8,SAT,12,226,12,0,18.83,18.83,,0.0,1.0
random3sat,n50_s3,xor_off,SAT,12,226,12,0,18.83,18.83,,0.0,1.0
random3sat,n40_s11,1uip,SAT,5,90,5,0,18.0,18.0,,0.0,1.0
random3sat,n40_s11,multi2,SAT,5,90,10,0,9.0,18.0,,0.0,1.0
random3sat,n40_s11,multi4,SAT,5,88,18,0,4.89,17.6,,0.0,1.0
random3sat,n40_s11,multi8,SAT,5,88,32,0,2.75,17.6,,0.0,1.0
random3sat,n40_s11,ext1,SAT,5,91,8,1,11.38,18.2,0.0,0.0,1.0
random3sat,n40_s11,ext4,SAT,5,90,5,0,18.0,18.0,,0.0,1.0
random3sat,n40_s11,ext8,SAT,5,90,5,0,18.0,18.0,,0.0,1.0
random3sat,n40_s11,xor_off,SAT,5,90,5,0,18.0,18.0,,0.0,1.0
random3sat,n50_s12,1uip,SAT,51,694,51,0,13.61,13.61,,0.0,1.0
random3sat,n50_s12,multi2,SAT,58,899,114,0,7.89,15.5,,0.01,0.88
random3sat,n50_s12,multi4,SAT,76,1117,288,0,3.88,14.7,,0.01,0.67
random3sat,n50_s12,multi8,SAT,36,564,259,0,2.18,15.67,,0.01,1.42
random3sat,n50_s12,ext1,SAT,71,1180,110,13,10.73,16.62,0.77,0.0,0.72
random3sat,n50_s12,ext4,SAT,197,2543,257,20,9.89,12.91,0.87,0.01,0.26
random3sat,n50_s12,ext8,SAT,131,1113,167,12,6.66,8.5,0.88,0.01,0.39
random3sat,n50_s12,xor_off,SAT,51,694,51,0,13.61,13.61,,0.0,1.0
